cohort_month,period_number,active_customers,cohort_size,retention_rate
2012-07,0,4468,4468,100.0
2012-07,1,570,4468,12.76
2012-07,2,501,4468,11.21
2012-07,3,364,4468,8.15
2012-07,4,372,4468,8.33
2012-07,5,558,4468,12.49
2012-07,6,352,4468,7.88
2012-07,7,392,4468,8.77
2012-07,8,582,4468,13.03
2012-07,9,730,4468,16.34
2012-07,10,677,4468,15.15
2012-07,11,690,4468,15.44
2012-07,12,609,4468,13.63
2012-07,13,670,4468,15.0
2012-07,14,496,4468,11.1
2012-07,15,439,4468,9.83
2012-07,16,378,4468,8.46
2012-07,17,515,4468,11.53
2012-07,18,361,4468,8.08
2012-07,19,375,4468,8.39
2012-07,20,634,4468,14.19
2012-07,21,760,4468,17.01
2012-07,22,762,4468,17.05
2012-07,23,670,4468,15.0
2012-07,24,621,4468,13.9
2012-08,0,4736,4736,100.0
2012-08,1,510,4736,10.77
2012-08,2,420,4736,8.87
2012-08,3,399,4736,8.42
2012-08,4,542,4736,11.44
2012-08,5,343,4736,7.24
2012-08,6,400,4736,8.45
2012-08,7,529,4736,11.17
2012-08,8,761,4736,16.07
2012-08,9,700,4736,14.78
2012-08,10,694,4736,14.65
2012-08,11,595,4736,12.56
2012-08,12,665,4736,14.04
2012-08,13,514,4736,10.85
2012-08,14,435,4736,9.18
2012-08,15,387,4736,8.17
2012-08,16,514,4736,10.85
2012-08,17,360,4736,7.6
2012-08,18,384,4736,8.11
2012-08,19,620,4736,13.09
2012-08,20,756,4736,15.96
2012-08,21,738,4736,15.58
2012-08,22,733,4736,15.48
2012-08,23,637,4736,13.45
2012-08,24,636,4736,13.43
2012-09,0,3418,3418,100.0
2012-09,1,306,3418,8.95
2012-09,2,277,3418,8.1
2012-09,3,377,3418,11.03
2012-09,4,259,3418,7.58
2012-09,5,259,3418,7.58
2012-09,6,365,3418,10.68
2012-09,7,489,3418,14.31
2012-09,8,469,3418,13.72
2012-09,9,486,3418,14.22
2012-09,10,441,3418,12.9
2012-09,11,457,3418,13.37
2012-09,12,326,3418,9.54
2012-09,13,291,3418,8.51
2012-09,14,274,3418,8.02
2012-09,15,401,3418,11.73
2012-09,16,261,3418,7.64
2012-09,17,279,3418,8.16
2012-09,18,465,3418,13.6
2012-09,19,507,3418,14.83
2012-09,20,527,3418,15.42
2012-09,21,452,3418,13.22
2012-09,22,428,3418,12.52
2012-09,23,449,3418,13.14
2012-09,24,328,3418,9.6
2012-10,0,2494,2494,100.0
2012-10,1,193,2494,7.74
2012-10,2,284,2494,11.39
2012-10,3,189,2494,7.58
2012-10,4,231,2494,9.26
2012-10,5,275,2494,11.03
2012-10,6,339,2494,13.59
2012-10,7,336,2494,13.47
2012-10,8,366,2494,14.68
2012-10,9,281,2494,11.27
2012-10,10,294,2494,11.79
2012-10,11,277,2494,11.11
2012-10,12,190,2494,7.62
2012-10,13,204,2494,8.18
2012-10,14,275,2494,11.03
2012-10,15,226,2494,9.06
2012-10,16,217,2494,8.7
2012-10,17,323,2494,12.95
2012-10,18,348,2494,13.95
2012-10,19,388,2494,15.56
2012-10,20,363,2494,14.55
2012-10,21,307,2494,12.31
2012-10,22,303,2494,12.15
2012-10,23,220,2494,8.82
2012-10,24,215,2494,8.62
2012-11,0,2141,2141,100.0
2012-11,1,235,2141,10.98
2012-11,2,131,2141,6.12
2012-11,3,181,2141,8.45
2012-11,4,226,2141,10.56
2012-11,5,252,2141,11.77
2012-11,6,265,2141,12.38
2012-11,7,252,2141,11.77
2012-11,8,253,2141,11.82
2012-11,9,246,2141,11.49
2012-11,10,188,2141,8.78
2012-11,11,160,2141,7.47
2012-11,12,160,2141,7.47
2012-11,13,247,2141,11.54
2012-11,14,172,2141,8.03
2012-11,15,157,2141,7.33
2012-11,16,249,2141,11.63
2012-11,17,300,2141,14.01
2012-11,18,323,2141,15.09
2012-11,19,283,2141,13.22
2012-11,20,242,2141,11.3
2012-11,21,280,2141,13.08
2012-11,22,200,2141,9.34
2012-11,23,185,2141,8.64
2012-11,24,153,2141,7.15
2012-12,0,3346,3346,100.0
2012-12,1,185,3346,5.53
2012-12,2,223,3346,6.66
2012-12,3,317,3346,9.47
2012-12,4,397,3346,11.86
2012-12,5,420,3346,12.55
2012-12,6,395,3346,11.81
2012-12,7,350,3346,10.46
2012-12,8,354,3346,10.58
2012-12,9,270,3346,8.07
2012-12,10,241,3346,7.2
2012-12,11,233,3346,6.96
2012-12,12,332,3346,9.92
2012-12,13,245,3346,7.32
2012-12,14,235,3346,7.02
2012-12,15,373,3346,11.15
2012-12,16,395,3346,11.81
2012-12,17,437,3346,13.06
2012-12,18,375,3346,11.21
2012-12,19,336,3346,10.04
2012-12,20,357,3346,10.67
2012-12,21,259,3346,7.74
2012-12,22,254,3346,7.59
2012-12,23,260,3346,7.77
2012-12,24,376,3346,11.24
2013-01,0,1610,1610,100.0
2013-01,1,126,1610,7.83
2013-01,2,153,1610,9.5
2013-01,3,209,1610,12.98
2013-01,4,176,1610,10.93
2013-01,5,200,1610,12.42
2013-01,6,170,1610,10.56
2013-01,7,171,1610,10.62
2013-01,8,127,1610,7.89
2013-01,9,101,1610,6.27
2013-01,10,115,1610,7.14
2013-01,11,182,1610,11.3
2013-01,12,119,1610,7.39
2013-01,13,101,1610,6.27
2013-01,14,202,1610,12.55
2013-01,15,187,1610,11.61
2013-01,16,228,1610,14.16
2013-01,17,194,1610,12.05
2013-01,18,184,1610,11.43
2013-01,19,185,1610,11.49
2013-01,20,117,1610,7.27
2013-01,21,107,1610,6.65
2013-01,22,101,1610,6.27
2013-01,23,173,1610,10.75
2013-01,24,113,1610,7.02
2013-02,0,2021,2021,100.0
2013-02,1,187,2021,9.25
2013-02,2,239,2021,11.83
2013-02,3,225,2021,11.13
2013-02,4,239,2021,11.83
2013-02,5,200,2021,9.9
2013-02,6,179,2021,8.86
2013-02,7,169,2021,8.36
2013-02,8,137,2021,6.78
2013-02,9,106,2021,5.24
2013-02,10,169,2021,8.36
2013-02,11,120,2021,5.94
2013-02,12,115,2021,5.69
2013-02,13,194,2021,9.6
2013-02,14,263,2021,13.01
2013-02,15,250,2021,12.37
2013-02,16,241,2021,11.92
2013-02,17,186,2021,9.2
2013-02,18,246,2021,12.17
2013-02,19,144,2021,7.13
2013-02,20,143,2021,7.08
2013-02,21,124,2021,6.14
2013-02,22,209,2021,10.34
2013-02,23,114,2021,5.64
2013-02,24,130,2021,6.43
2013-03,0,2781,2781,100.0
2013-03,1,347,2781,12.48
2013-03,2,284,2781,10.21
2013-03,3,281,2781,10.1
2013-03,4,273,2781,9.82
2013-03,5,240,2781,8.63
2013-03,6,222,2781,7.98
2013-03,7,173,2781,6.22
2013-03,8,132,2781,4.75
2013-03,9,212,2781,7.62
2013-03,10,120,2781,4.31
2013-03,11,159,2781,5.72
2013-03,12,274,2781,9.85
2013-03,13,333,2781,11.97
2013-03,14,326,2781,11.72
2013-03,15,284,2781,10.21
2013-03,16,257,2781,9.24
2013-03,17,251,2781,9.03
2013-03,18,176,2781,6.33
2013-03,19,157,2781,5.65
2013-03,20,148,2781,5.32
2013-03,21,203,2781,7.3
2013-03,22,127,2781,4.57
2013-03,23,169,2781,6.08
2013-03,24,238,2781,8.56
2013-04,0,3447,3447,100.0
2013-04,1,364,3447,10.56
2013-04,2,354,3447,10.27
2013-04,3,306,3447,8.88
2013-04,4,307,3447,8.91
2013-04,5,240,3447,6.96
2013-04,6,195,3447,5.66
2013-04,7,145,3447,4.21
2013-04,8,232,3447,6.73
2013-04,9,154,3447,4.47
2013-04,10,154,3447,4.47
2013-04,11,309,3447,8.96
2013-04,12,388,3447,11.26
2013-04,13,379,3447,11.0
2013-04,14,341,3447,9.89
2013-04,15,313,3447,9.08
2013-04,16,342,3447,9.92
2013-04,17,208,3447,6.03
2013-04,18,155,3447,4.5
2013-04,19,155,3447,4.5
2013-04,20,242,3447,7.02
2013-04,21,134,3447,3.89
2013-04,22,176,3447,5.11
2013-04,23,298,3447,8.65
2013-04,24,427,3447,12.39
2013-05,0,2918,2918,100.0
2013-05,1,277,2918,9.49
2013-05,2,241,2918,8.26
2013-05,3,227,2918,7.78
2013-05,4,165,2918,5.65
2013-05,5,135,2918,4.63
2013-05,6,125,2918,4.28
2013-05,7,183,2918,6.27
2013-05,8,109,2918,3.74
2013-05,9,133,2918,4.56
2013-05,10,222,2918,7.61
2013-05,11,292,2918,10.01
2013-05,12,295,2918,10.11
2013-05,13,262,2918,8.98
2013-05,14,232,2918,7.95
2013-05,15,222,2918,7.61
2013-05,16,180,2918,6.17
2013-05,17,141,2918,4.83
2013-05,18,104,2918,3.56
2013-05,19,200,2918,6.85
2013-05,20,96,2918,3.29
2013-05,21,139,2918,4.76
2013-05,22,231,2918,7.92
2013-05,23,309,2918,10.59
2013-05,24,284,2918,9.73
2013-06,0,2666,2666,100.0
2013-06,1,183,2666,6.86
2013-06,2,215,2666,8.06
2013-06,3,143,2666,5.36
2013-06,4,118,2666,4.43
2013-06,5,112,2666,4.2
2013-06,6,159,2666,5.96
2013-06,7,97,2666,3.64
2013-06,8,106,2666,3.98
2013-06,9,228,2666,8.55
2013-06,10,244,2666,9.15
2013-06,11,274,2666,10.28
2013-06,12,239,2666,8.96
2013-06,13,188,2666,7.05
2013-06,14,203,2666,7.61
2013-06,15,157,2666,5.89
2013-06,16,111,2666,4.16
2013-06,17,107,2666,4.01
2013-06,18,175,2666,6.56
2013-06,19,82,2666,3.08
2013-06,20,109,2666,4.09
2013-06,21,175,2666,6.56
2013-06,22,276,2666,10.35
2013-06,23,246,2666,9.23
2013-06,24,229,2666,8.59
2013-07,0,2182,2182,100.0
2013-07,1,164,2182,7.52
2013-07,2,126,2182,5.77
2013-07,3,100,2182,4.58
2013-07,4,107,2182,4.9
2013-07,5,119,2182,5.45
2013-07,6,82,2182,3.76
2013-07,7,84,2182,3.85
2013-07,8,150,2182,6.87
2013-07,9,214,2182,9.81
2013-07,10,224,2182,10.27
2013-07,11,191,2182,8.75
2013-07,12,162,2182,7.42
2013-07,13,172,2182,7.88
2013-07,14,123,2182,5.64
2013-07,15,94,2182,4.31
2013-07,16,87,2182,3.99
2013-07,17,146,2182,6.69
2013-07,18,91,2182,4.17
2013-07,19,107,2182,4.9
2013-07,20,161,2182,7.38
2013-07,21,194,2182,8.89
2013-07,22,186,2182,8.52
2013-07,23,173,2182,7.93
2013-07,24,162,2182,7.42
2013-08,0,2066,2066,100.0
2013-08,1,107,2066,5.18
2013-08,2,80,2066,3.87
2013-08,3,68,2066,3.29
2013-08,4,115,2066,5.57
2013-08,5,79,2066,3.82
2013-08,6,93,2066,4.5
2013-08,7,134,2066,6.49
2013-08,8,170,2066,8.23
2013-08,9,180,2066,8.71
2013-08,10,166,2066,8.03
2013-08,11,143,2066,6.92
2013-08,12,156,2066,7.55
2013-08,13,106,2066,5.13
2013-08,14,80,2066,3.87
2013-08,15,62,2066,3.0
2013-08,16,107,2066,5.18
2013-08,17,72,2066,3.48
2013-08,18,78,2066,3.78
2013-08,19,130,2066,6.29
2013-08,20,207,2066,10.02
2013-08,21,165,2066,7.99
2013-08,22,144,2066,6.97
2013-08,23,134,2066,6.49
2013-08,24,141,2066,6.82
2013-09,0,1368,1368,100.0
2013-09,1,69,1368,5.04
2013-09,2,47,1368,3.44
2013-09,3,62,1368,4.53
2013-09,4,42,1368,3.07
2013-09,5,53,1368,3.87
2013-09,6,82,1368,5.99
2013-09,7,141,1368,10.31
2013-09,8,116,1368,8.48
2013-09,9,98,1368,7.16
2013-09,10,90,1368,6.58
2013-09,11,104,1368,7.6
2013-09,12,68,1368,4.97
2013-09,13,58,1368,4.24
2013-09,14,57,1368,4.17
2013-09,15,75,1368,5.48
2013-09,16,42,1368,3.07
2013-09,17,44,1368,3.22
2013-09,18,87,1368,6.36
2013-09,19,132,1368,9.65
2013-09,20,118,1368,8.63
2013-09,21,100,1368,7.31
2013-09,22,85,1368,6.21
2013-09,23,97,1368,7.09
2013-09,24,81,1368,5.92
2013-10,0,1048,1048,100.0
2013-10,1,47,1048,4.48
2013-10,2,51,1048,4.87
2013-10,3,46,1048,4.39
2013-10,4,31,1048,2.96
2013-10,5,69,1048,6.58
2013-10,6,104,1048,9.92
2013-10,7,89,1048,8.49
2013-10,8,68,1048,6.49
2013-10,9,88,1048,8.4
2013-10,10,68,1048,6.49
2013-10,11,51,1048,4.87
2013-10,12,57,1048,5.44
2013-10,13,49,1048,4.68
2013-10,14,55,1048,5.25
2013-10,15,42,1048,4.01
2013-10,16,52,1048,4.96
2013-10,17,70,1048,6.68
2013-10,18,100,1048,9.54
2013-10,19,90,1048,8.59
2013-10,20,71,1048,6.77
2013-10,21,70,1048,6.68
2013-10,22,84,1048,8.02
2013-10,23,76,1048,7.25
2013-10,24,51,1048,4.87
2013-11,0,827,827,100.0
2013-11,1,47,827,5.68
2013-11,2,29,827,3.51
2013-11,3,26,827,3.14
2013-11,4,46,827,5.56
2013-11,5,70,827,8.46
2013-11,6,65,827,7.86
2013-11,7,53,827,6.41
2013-11,8,48,827,5.8
2013-11,9,55,827,6.65
2013-11,10,44,827,5.32
2013-11,11,32,827,3.87
2013-11,12,33,827,3.99
2013-11,13,53,827,6.41
2013-11,14,19,827,2.3
2013-11,15,26,827,3.14
2013-11,16,45,827,5.44
2013-11,17,72,827,8.71
2013-11,18,63,827,7.62
2013-11,19,65,827,7.86
2013-11,20,51,827,6.17
2013-11,21,52,827,6.29
2013-11,22,44,827,5.32
2013-11,23,43,827,5.2
2013-11,24,32,827,3.87
2013-12,0,1473,1473,100.0
2013-12,1,51,1473,3.46
2013-12,2,62,1473,4.21
2013-12,3,84,1473,5.7
2013-12,4,110,1473,7.47
2013-12,5,115,1473,7.81
2013-12,6,85,1473,5.77
2013-12,7,87,1473,5.91
2013-12,8,90,1473,6.11
2013-12,9,68,1473,4.62
2013-12,10,62,1473,4.21
2013-12,11,45,1473,3.05
2013-12,12,80,1473,5.43
2013-12,13,44,1473,2.99
2013-12,14,51,1473,3.46
2013-12,15,73,1473,4.96
2013-12,16,120,1473,8.15
2013-12,17,83,1473,5.63
2013-12,18,91,1473,6.18
2013-12,19,83,1473,5.63
2013-12,20,80,1473,5.43
2013-12,21,72,1473,4.89
2013-12,22,60,1473,4.07
2013-12,23,49,1473,3.33
2013-12,24,93,1473,6.31
2014-01,0,766,766,100.0
2014-01,1,28,766,3.66
2014-01,2,37,766,4.83
2014-01,3,60,766,7.83
2014-01,4,45,766,5.87
2014-01,5,43,766,5.61
2014-01,6,37,766,4.83
2014-01,7,40,766,5.22
2014-01,8,35,766,4.57
2014-01,9,25,766,3.26
2014-01,10,33,766,4.31
2014-01,11,46,766,6.01
2014-01,12,24,766,3.13
2014-01,13,42,766,5.48
2014-01,14,39,766,5.09
2014-01,15,62,766,8.09
2014-01,16,58,766,7.57
2014-01,17,54,766,7.05
2014-01,18,44,766,5.74
2014-01,19,53,766,6.92
2014-01,20,38,766,4.96
2014-01,21,44,766,5.74
2014-01,22,28,766,3.66
2014-01,23,41,766,5.35
2014-01,24,35,766,4.57
2014-02,0,743,743,100.0
2014-02,1,34,743,4.58
2014-02,2,69,743,9.29
2014-02,3,63,743,8.48
2014-02,4,40,743,5.38
2014-02,5,46,743,6.19
2014-02,6,50,743,6.73
2014-02,7,27,743,3.63
2014-02,8,27,743,3.63
2014-02,9,22,743,2.96
2014-02,10,43,743,5.79
2014-02,11,19,743,2.56
2014-02,12,26,743,3.5
2014-02,13,39,743,5.25
2014-02,14,66,743,8.88
2014-02,15,46,743,6.19
2014-02,16,39,743,5.25
2014-02,17,45,743,6.06
2014-02,18,43,743,5.79
2014-02,19,49,743,6.59
2014-02,20,27,743,3.63
2014-02,21,35,743,4.71
2014-02,22,34,743,4.58
2014-02,23,24,743,3.23
2014-02,24,36,743,4.85
2014-03,0,1568,1568,100.0
2014-03,1,110,1568,7.02
2014-03,2,106,1568,6.76
2014-03,3,95,1568,6.06
2014-03,4,82,1568,5.23
2014-03,5,95,1568,6.06
2014-03,6,56,1568,3.57
2014-03,7,40,1568,2.55
2014-03,8,59,1568,3.76
2014-03,9,55,1568,3.51
2014-03,10,33,1568,2.1
2014-03,11,70,1568,4.46
2014-03,12,68,1568,4.34
2014-03,13,103,1568,6.57
2014-03,14,98,1568,6.25
2014-03,15,84,1568,5.36
2014-03,16,90,1568,5.74
2014-03,17,70,1568,4.46
2014-03,18,78,1568,4.97
2014-03,19,67,1568,4.27
2014-03,20,43,1568,2.74
2014-03,21,66,1568,4.21
2014-03,22,47,1568,3.0
2014-03,23,50,1568,3.19
2014-03,24,84,1568,5.36
2014-04,0,1932,1932,100.0
2014-04,1,144,1932,7.45
2014-04,2,92,1932,4.76
2014-04,3,108,1932,5.59
2014-04,4,101,1932,5.23
2014-04,5,72,1932,3.73
2014-04,6,69,1932,3.57
2014-04,7,45,1932,2.33
2014-04,8,73,1932,3.78
2014-04,9,34,1932,1.76
2014-04,10,64,1932,3.31
2014-04,11,79,1932,4.09
2014-04,12,124,1932,6.42
2014-04,13,131,1932,6.78
2014-04,14,112,1932,5.8
2014-04,15,96,1932,4.97
2014-04,16,99,1932,5.12
2014-04,17,77,1932,3.99
2014-04,18,64,1932,3.31
2014-04,19,56,1932,2.9
2014-04,20,82,1932,4.24
2014-04,21,51,1932,2.64
2014-04,22,85,1932,4.4
2014-04,23,96,1932,4.97
2014-04,24,161,1932,8.33
2014-05,0,1772,1772,100.0
2014-05,1,117,1772,6.6
2014-05,2,76,1772,4.29
2014-05,3,93,1772,5.25
2014-05,4,61,1772,3.44
2014-05,5,63,1772,3.56
2014-05,6,44,1772,2.48
2014-05,7,73,1772,4.12
2014-05,8,31,1772,1.75
2014-05,9,55,1772,3.1
2014-05,10,69,1772,3.89
2014-05,11,101,1772,5.7
2014-05,12,112,1772,6.32
2014-05,13,110,1772,6.21
2014-05,14,81,1772,4.57
2014-05,15,91,1772,5.14
2014-05,16,78,1772,4.4
2014-05,17,50,1772,2.82
2014-05,18,41,1772,2.31
2014-05,19,78,1772,4.4
2014-05,20,52,1772,2.93
2014-05,21,53,1772,2.99
2014-05,22,81,1772,4.57
2014-05,23,112,1772,6.32
2014-05,24,98,1772,5.53
2014-06,0,1427,1427,100.0
2014-06,1,63,1427,4.41
2014-06,2,67,1427,4.7
2014-06,3,42,1427,2.94
2014-06,4,32,1427,2.24
2014-06,5,34,1427,2.38
2014-06,6,64,1427,4.48
2014-06,7,25,1427,1.75
2014-06,8,38,1427,2.66
2014-06,9,59,1427,4.13
2014-06,10,92,1427,6.45
2014-06,11,73,1427,5.12
2014-06,12,61,1427,4.27
2014-06,13,60,1427,4.2
2014-06,14,50,1427,3.5
2014-06,15,53,1427,3.71
2014-06,16,33,1427,2.31
2014-06,17,47,1427,3.29
2014-06,18,58,1427,4.06
2014-06,19,37,1427,2.59
2014-06,20,43,1427,3.01
2014-06,21,68,1427,4.77
2014-06,22,104,1427,7.29
2014-06,23,98,1427,6.87
2014-06,24,88,1427,6.17
2014-07,0,1183,1183,100.0
2014-07,1,60,1183,5.07
2014-07,2,35,1183,2.96
2014-07,3,25,1183,2.11
2014-07,4,24,1183,2.03
2014-07,5,41,1183,3.47
2014-07,6,17,1183,1.44
2014-07,7,33,1183,2.79
2014-07,8,43,1183,3.63
2014-07,9,79,1183,6.68
2014-07,10,61,1183,5.16
2014-07,11,61,1183,5.16
2014-07,12,64,1183,5.41
2014-07,13,60,1183,5.07
2014-07,14,45,1183,3.8
2014-07,15,34,1183,2.87
2014-07,16,25,1183,2.11
2014-07,17,37,1183,3.13
2014-07,18,31,1183,2.62
2014-07,19,35,1183,2.96
2014-07,20,43,1183,3.63
2014-07,21,80,1183,6.76
2014-07,22,78,1183,6.59
2014-07,23,66,1183,5.58
2014-07,24,52,1183,4.4
2014-08,0,1191,1191,100.0
2014-08,1,29,1191,2.43
2014-08,2,31,1191,2.6
2014-08,3,40,1191,3.36
2014-08,4,48,1191,4.03
2014-08,5,21,1191,1.76
2014-08,6,33,1191,2.77
2014-08,7,51,1191,4.28
2014-08,8,73,1191,6.13
2014-08,9,65,1191,5.46
2014-08,10,50,1191,4.2
2014-08,11,38,1191,3.19
2014-08,12,42,1191,3.53
2014-08,13,57,1191,4.79
2014-08,14,28,1191,2.35
2014-08,15,33,1191,2.77
2014-08,16,39,1191,3.27
2014-08,17,13,1191,1.09
2014-08,18,29,1191,2.43
2014-08,19,35,1191,2.94
2014-08,20,71,1191,5.96
2014-08,21,66,1191,5.54
2014-08,22,61,1191,5.12
2014-08,23,53,1191,4.45
2014-08,24,60,1191,5.04
2014-09,0,693,693,100.0
2014-09,1,21,693,3.03
2014-09,2,15,693,2.16
2014-09,3,28,693,4.04
2014-09,4,11,693,1.59
2014-09,5,20,693,2.89
2014-09,6,24,693,3.46
2014-09,7,46,693,6.64
2014-09,8,33,693,4.76
2014-09,9,35,693,5.05
2014-09,10,28,693,4.04
2014-09,11,26,693,3.75
2014-09,12,34,693,4.91
2014-09,13,24,693,3.46
2014-09,14,22,693,3.17
2014-09,15,22,693,3.17
2014-09,16,15,693,2.16
2014-09,17,19,693,2.74
2014-09,18,21,693,3.03
2014-09,19,46,693,6.64
2014-09,20,47,693,6.78
2014-09,21,39,693,5.63
2014-09,22,24,693,3.46
2014-09,23,31,693,4.47
2014-09,24,20,693,2.89
2014-10,0,616,616,100.0
2014-10,1,13,616,2.11
2014-10,2,15,616,2.44
2014-10,3,19,616,3.08
2014-10,4,20,616,3.25
2014-10,5,33,616,5.36
2014-10,6,35,616,5.68
2014-10,7,22,616,3.57
2014-10,8,32,616,5.19
2014-10,9,18,616,2.92
2014-10,10,21,616,3.41
2014-10,11,30,616,4.87
2014-10,12,15,616,2.44
2014-10,13,20,616,3.25
2014-10,14,27,616,4.38
2014-10,15,10,616,1.62
2014-10,16,16,616,2.6
2014-10,17,18,616,2.92
2014-10,18,32,616,5.19
2014-10,19,37,616,6.01
2014-10,20,37,616,6.01
2014-10,21,24,616,3.9
2014-10,22,36,616,5.84
2014-10,23,31,616,5.03
2014-10,24,18,616,2.92
2014-11,0,573,573,100.0
2014-11,1,30,573,5.24
2014-11,2,6,573,1.05
2014-11,3,13,573,2.27
2014-11,4,19,573,3.32
2014-11,5,30,573,5.24
2014-11,6,27,573,4.71
2014-11,7,22,573,3.84
2014-11,8,24,573,4.19
2014-11,9,22,573,3.84
2014-11,10,22,573,3.84
2014-11,11,22,573,3.84
2014-11,12,18,573,3.14
2014-11,13,32,573,5.58
2014-11,14,15,573,2.62
2014-11,15,15,573,2.62
2014-11,16,23,573,4.01
2014-11,17,29,573,5.06
2014-11,18,32,573,5.58
2014-11,19,33,573,5.76
2014-11,20,25,573,4.36
2014-11,21,20,573,3.49
2014-11,22,16,573,2.79
2014-11,23,18,573,3.14
2014-11,24,16,573,2.79
2014-12,0,813,813,100.0
2014-12,1,15,813,1.85
2014-12,2,22,813,2.71
2014-12,3,29,813,3.57
2014-12,4,36,813,4.43
2014-12,5,40,813,4.92
2014-12,6,32,813,3.94
2014-12,7,28,813,3.44
2014-12,8,27,813,3.32
2014-12,9,33,813,4.06
2014-12,10,34,813,4.18
2014-12,11,16,813,1.97
2014-12,12,33,813,4.06
2014-12,13,22,813,2.71
2014-12,14,22,813,2.71
2014-12,15,32,813,3.94
2014-12,16,37,813,4.55
2014-12,17,47,813,5.78
2014-12,18,39,813,4.8
2014-12,19,25,813,3.08
2014-12,20,36,813,4.43
2014-12,21,20,813,2.46
2014-12,22,24,813,2.95
2014-12,23,13,813,1.6
2014-12,24,21,813,2.58
2015-01,0,386,386,100.0
2015-01,1,16,386,4.15
2015-01,2,15,386,3.89
2015-01,3,34,386,8.81
2015-01,4,20,386,5.18
2015-01,5,19,386,4.92
2015-01,6,23,386,5.96
2015-01,7,19,386,4.92
2015-01,8,13,386,3.37
2015-01,9,12,386,3.11
2015-01,10,7,386,1.81
2015-01,11,19,386,4.92
2015-01,12,8,386,2.07
2015-01,13,7,386,1.81
2015-01,14,15,386,3.89
2015-01,15,19,386,4.92
2015-01,16,23,386,5.96
2015-01,17,17,386,4.4
2015-01,18,13,386,3.37
2015-01,19,21,386,5.44
2015-01,20,8,386,2.07
2015-01,21,12,386,3.11
2015-01,22,3,386,0.78
2015-01,23,11,386,2.85
2015-01,24,10,386,2.59
2015-02,0,516,516,100.0
2015-02,1,16,516,3.1
2015-02,2,22,516,4.26
2015-02,3,17,516,3.29
2015-02,4,17,516,3.29
2015-02,5,17,516,3.29
2015-02,6,21,516,4.07
2015-02,7,19,516,3.68
2015-02,8,16,516,3.1
2015-02,9,17,516,3.29
2015-02,10,15,516,2.91
2015-02,11,8,516,1.55
2015-02,12,13,516,2.52
2015-02,13,17,516,3.29
2015-02,14,22,516,4.26
2015-02,15,30,516,5.81
2015-02,16,20,516,3.88
2015-02,17,20,516,3.88
2015-02,18,26,516,5.04
2015-02,19,13,516,2.52
2015-02,20,13,516,2.52
2015-02,21,17,516,3.29
2015-02,22,13,516,2.52
2015-02,23,12,516,2.33
2015-02,24,12,516,2.33
2015-03,0,813,813,100.0
2015-03,1,51,813,6.27
2015-03,2,43,813,5.29
2015-03,3,33,813,4.06
2015-03,4,24,813,2.95
2015-03,5,29,813,3.57
2015-03,6,26,813,3.2
2015-03,7,20,813,2.46
2015-03,8,17,813,2.09
2015-03,9,22,813,2.71
2015-03,10,16,813,1.97
2015-03,11,24,813,2.95
2015-03,12,30,813,3.69
2015-03,13,44,813,5.41
2015-03,14,45,813,5.54
2015-03,15,41,813,5.04
2015-03,16,30,813,3.69
2015-03,17,31,813,3.81
2015-03,18,16,813,1.97
2015-03,19,15,813,1.85
2015-03,20,15,813,1.85
2015-03,21,26,813,3.2
2015-03,22,10,813,1.23
2015-03,23,13,813,1.6
2015-03,24,31,813,3.81
2015-04,0,1337,1337,100.0
2015-04,1,61,1337,4.56
2015-04,2,63,1337,4.71
2015-04,3,56,1337,4.19
2015-04,4,41,1337,3.07
2015-04,5,37,1337,2.77
2015-04,6,22,1337,1.65
2015-04,7,41,1337,3.07
2015-04,8,41,1337,3.07
2015-04,9,21,1337,1.57
2015-04,10,29,1337,2.17
2015-04,11,35,1337,2.62
2015-04,12,64,1337,4.79
2015-04,13,65,1337,4.86
2015-04,14,70,1337,5.24
2015-04,15,44,1337,3.29
2015-04,16,47,1337,3.52
2015-04,17,26,1337,1.94
2015-04,18,29,1337,2.17
2015-04,19,28,1337,2.09
2015-04,20,35,1337,2.62
2015-04,21,18,1337,1.35
2015-04,22,22,1337,1.65
2015-04,23,47,1337,3.52
2015-04,24,52,1337,3.89
2015-05,0,1103,1103,100.0
2015-05,1,55,1103,4.99
2015-05,2,43,1103,3.9
2015-05,3,42,1103,3.81
2015-05,4,42,1103,3.81
2015-05,5,37,1103,3.35
2015-05,6,18,1103,1.63
2015-05,7,32,1103,2.9
2015-05,8,21,1103,1.9
2015-05,9,29,1103,2.63
2015-05,10,38,1103,3.45
2015-05,11,59,1103,5.35
2015-05,12,56,1103,5.08
2015-05,13,60,1103,5.44
2015-05,14,36,1103,3.26
2015-05,15,57,1103,5.17
2015-05,16,16,1103,1.45
2015-05,17,17,1103,1.54
2015-05,18,16,1103,1.45
2015-05,19,25,1103,2.27
2015-05,20,24,1103,2.18
2015-05,21,14,1103,1.27
2015-05,22,38,1103,3.45
2015-05,23,57,1103,5.17
2015-05,24,53,1103,4.81
2015-06,0,971,971,100.0
2015-06,1,31,971,3.19
2015-06,2,36,971,3.71
2015-06,3,21,971,2.16
2015-06,4,23,971,2.37
2015-06,5,16,971,1.65
2015-06,6,21,971,2.16
2015-06,7,18,971,1.85
2015-06,8,17,971,1.75
2015-06,9,23,971,2.37
2015-06,10,49,971,5.05
2015-06,11,34,971,3.5
2015-06,12,45,971,4.63
2015-06,13,32,971,3.3
2015-06,14,31,971,3.19
2015-06,15,36,971,3.71
2015-06,16,12,971,1.24
2015-06,17,18,971,1.85
2015-06,18,17,971,1.75
2015-06,19,13,971,1.34
2015-06,20,15,971,1.54
2015-06,21,27,971,2.78
2015-06,22,31,971,3.19
2015-06,23,46,971,4.74
2015-06,24,47,971,4.84
2015-07,0,813,813,100.0
2015-07,1,29,813,3.57
2015-07,2,19,813,2.34
2015-07,3,24,813,2.95
2015-07,4,15,813,1.85
2015-07,5,26,813,3.2
2015-07,6,12,813,1.48
2015-07,7,20,813,2.46
2015-07,8,29,813,3.57
2015-07,9,44,813,5.41
2015-07,10,39,813,4.8
2015-07,11,31,813,3.81
2015-07,12,34,813,4.18
2015-07,13,20,813,2.46
2015-07,14,27,813,3.32
2015-07,15,10,813,1.23
2015-07,16,17,813,2.09
2015-07,17,23,813,2.83
2015-07,18,10,813,1.23
2015-07,19,14,813,1.72
2015-07,20,28,813,3.44
2015-07,21,30,813,3.69
2015-07,22,39,813,4.8
2015-07,23,40,813,4.92
2015-07,24,30,813,3.69
2015-08,0,784,784,100.0
2015-08,1,25,784,3.19
2015-08,2,15,784,1.91
2015-08,3,15,784,1.91
2015-08,4,23,784,2.93
2015-08,5,16,784,2.04
2015-08,6,17,784,2.17
2015-08,7,15,784,1.91
2015-08,8,23,784,2.93
2015-08,9,39,784,4.97
2015-08,10,31,784,3.95
2015-08,11,22,784,2.81
2015-08,12,27,784,3.44
2015-08,13,15,784,1.91
2015-08,14,17,784,2.17
2015-08,15,8,784,1.02
2015-08,16,21,784,2.68
2015-08,17,12,784,1.53
2015-08,18,14,784,1.79
2015-08,19,22,784,2.81
2015-08,20,31,784,3.95
2015-08,21,44,784,5.61
2015-08,22,36,784,4.59
2015-08,23,27,784,3.44
2015-08,24,23,784,2.93
2015-09,0,669,669,100.0
2015-09,1,23,669,3.44
2015-09,2,5,669,0.75
2015-09,3,16,669,2.39
2015-09,4,14,669,2.09
2015-09,5,6,669,0.9
2015-09,6,15,669,2.24
2015-09,7,37,669,5.53
2015-09,8,24,669,3.59
2015-09,9,37,669,5.53
2015-09,10,18,669,2.69
2015-09,11,28,669,4.19
2015-09,12,21,669,3.14
2015-09,13,13,669,1.94
2015-09,14,9,669,1.35
2015-09,15,14,669,2.09
2015-09,16,5,669,0.75
2015-09,17,10,669,1.49
2015-09,18,19,669,2.84
2015-09,19,22,669,3.29
2015-09,20,24,669,3.59
2015-09,21,27,669,4.04
2015-09,22,18,669,2.69
2015-09,23,31,669,4.63
2015-09,24,12,669,1.79
2015-10,0,476,476,100.0
2015-10,1,8,476,1.68
2015-10,2,14,476,2.94
2015-10,3,7,476,1.47
2015-10,4,11,476,2.31
2015-10,5,16,476,3.36
2015-10,6,17,476,3.57
2015-10,7,18,476,3.78
2015-10,8,14,476,2.94
2015-10,9,13,476,2.73
2015-10,10,15,476,3.15
2015-10,11,13,476,2.73
2015-10,12,4,476,0.84
2015-10,13,11,476,2.31
2015-10,14,13,476,2.73
2015-10,15,7,476,1.47
2015-10,16,8,476,1.68
2015-10,17,14,476,2.94
2015-10,18,20,476,4.2
2015-10,19,21,476,4.41
2015-10,20,15,476,3.15
2015-10,21,16,476,3.36
2015-10,22,15,476,3.15
2015-10,23,8,476,1.68
2015-10,24,14,476,2.94
2015-11,0,338,338,100.0
2015-11,1,12,338,3.55
2015-11,2,8,338,2.37
2015-11,3,3,338,0.89
2015-11,4,6,338,1.78
2015-11,5,10,338,2.96
2015-11,6,15,338,4.44
2015-11,7,6,338,1.78
2015-11,8,10,338,2.96
2015-11,9,10,338,2.96
2015-11,10,6,338,1.78
2015-11,11,7,338,2.07
2015-11,12,9,338,2.66
2015-11,13,10,338,2.96
2015-11,14,5,338,1.48
2015-11,15,11,338,3.25
2015-11,16,10,338,2.96
2015-11,17,9,338,2.66
2015-11,18,21,338,6.21
2015-11,19,9,338,2.66
2015-11,20,10,338,2.96
2015-11,21,12,338,3.55
2015-11,22,9,338,2.66
2015-11,23,8,338,2.37
2015-11,24,6,338,1.78
2015-12,0,577,577,100.0
2015-12,1,12,577,2.08
2015-12,2,6,577,1.04
2015-12,3,15,577,2.6
2015-12,4,28,577,4.85
2015-12,5,18,577,3.12
2015-12,6,19,577,3.29
2015-12,7,20,577,3.47
2015-12,8,16,577,2.77
2015-12,9,11,577,1.91
2015-12,10,15,577,2.6
2015-12,11,12,577,2.08
2015-12,12,21,577,3.64
2015-12,13,8,577,1.39
2015-12,14,10,577,1.73
2015-12,15,20,577,3.47
2015-12,16,19,577,3.29
2015-12,17,30,577,5.2
2015-12,18,34,577,5.89
2015-12,19,14,577,2.43
2015-12,20,21,577,3.64
2015-12,21,15,577,2.6
2015-12,22,13,577,2.25
2015-12,23,13,577,2.25
2015-12,24,15,577,2.6
2016-01,0,322,322,100.0
2016-01,1,7,322,2.17
2016-01,2,6,322,1.86
2016-01,3,16,322,4.97
2016-01,4,11,322,3.42
2016-01,5,13,322,4.04
2016-01,6,16,322,4.97
2016-01,7,5,322,1.55
2016-01,8,6,322,1.86
2016-01,9,2,322,0.62
2016-01,10,4,322,1.24
2016-01,11,5,322,1.55
2016-01,12,4,322,1.24
2016-01,13,5,322,1.55
2016-01,14,4,322,1.24
2016-01,15,11,322,3.42
2016-01,16,16,322,4.97
2016-01,17,12,322,3.73
2016-01,18,15,322,4.66
2016-01,19,14,322,4.35
2016-01,20,7,322,2.17
2016-01,21,7,322,2.17
2016-01,22,3,322,0.93
2016-01,23,4,322,1.24
2016-01,24,6,322,1.86
2016-02,0,393,393,100.0
2016-02,1,15,393,3.82
2016-02,2,17,393,4.33
2016-02,3,17,393,4.33
2016-02,4,12,393,3.05
2016-02,5,4,393,1.02
2016-02,6,6,393,1.53
2016-02,7,10,393,2.54
2016-02,8,6,393,1.53
2016-02,9,7,393,1.78
2016-02,10,8,393,2.04
2016-02,11,8,393,2.04
2016-02,12,9,393,2.29
2016-02,13,17,393,4.33
2016-02,14,10,393,2.54
2016-02,15,15,393,3.82
2016-02,16,14,393,3.56
2016-02,17,8,393,2.04
2016-02,18,12,393,3.05
2016-02,19,10,393,2.54
2016-02,20,8,393,2.04
2016-02,21,3,393,0.76
2016-02,22,7,393,1.78
2016-02,23,5,393,1.27
2016-02,24,7,393,1.78
2016-03,0,602,602,100.0
2016-03,1,37,602,6.15
2016-03,2,18,602,2.99
2016-03,3,20,602,3.32
2016-03,4,14,602,2.33
2016-03,5,20,602,3.32
2016-03,6,13,602,2.16
2016-03,7,6,602,1.0
2016-03,8,7,602,1.16
2016-03,9,11,602,1.83
2016-03,10,5,602,0.83
2016-03,11,8,602,1.33
2016-03,12,11,602,1.83
2016-03,13,22,602,3.65
2016-03,14,24,602,3.99
2016-03,15,18,602,2.99
2016-03,16,18,602,2.99
2016-03,17,16,602,2.66
2016-03,18,14,602,2.33
2016-03,19,6,602,1.0
2016-03,20,12,602,1.99
2016-03,21,9,602,1.5
2016-03,22,9,602,1.5
2016-03,23,8,602,1.33
2016-03,24,18,602,2.99
2016-04,0,972,972,100.0
2016-04,1,50,972,5.14
2016-04,2,38,972,3.91
2016-04,3,38,972,3.91
2016-04,4,45,972,4.63
2016-04,5,18,972,1.85
2016-04,6,9,972,0.93
2016-04,7,14,972,1.44
2016-04,8,16,972,1.65
2016-04,9,14,972,1.44
2016-04,10,16,972,1.65
2016-04,11,20,972,2.06
2016-04,12,28,972,2.88
2016-04,13,34,972,3.5
2016-04,14,30,972,3.09
2016-04,15,22,972,2.26
2016-04,16,23,972,2.37
2016-04,17,18,972,1.85
2016-04,18,14,972,1.44
2016-04,19,14,972,1.44
2016-04,20,19,972,1.95
2016-04,21,7,972,0.72
2016-04,22,11,972,1.13
2016-04,23,21,972,2.16
2016-04,24,23,972,2.37
2016-05,0,812,812,100.0
2016-05,1,24,812,2.96
2016-05,2,24,812,2.96
2016-05,3,30,812,3.69
2016-05,4,14,812,1.72
2016-05,5,10,812,1.23
2016-05,6,7,812,0.86
2016-05,7,15,812,1.85
2016-05,8,8,812,0.99
2016-05,9,7,812,0.86
2016-05,10,20,812,2.46
2016-05,11,35,812,4.31
2016-05,12,30,812,3.69
2016-05,13,30,812,3.69
2016-05,14,22,812,2.71
2016-05,15,15,812,1.85
2016-05,16,14,812,1.72
2016-05,17,13,812,1.6
2016-05,18,10,812,1.23
2016-05,19,13,812,1.6
2016-05,20,5,812,0.62
2016-05,21,13,812,1.6
2016-05,22,11,812,1.35
2016-05,23,29,812,3.57
2016-05,24,23,812,2.83
2016-06,0,759,759,100.0
2016-06,1,26,759,3.43
2016-06,2,21,759,2.77
2016-06,3,12,759,1.58
2016-06,4,12,759,1.58
2016-06,5,3,759,0.4
2016-06,6,10,759,1.32
2016-06,7,9,759,1.19
2016-06,8,7,759,0.92
2016-06,9,19,759,2.5
2016-06,10,41,759,5.4
2016-06,11,26,759,3.43
2016-06,12,25,759,3.29
2016-06,13,17,759,2.24
2016-06,14,21,759,2.77
2016-06,15,11,759,1.45
2016-06,16,16,759,2.11
2016-06,17,9,759,1.19
2016-06,18,11,759,1.45
2016-06,19,7,759,0.92
2016-06,20,9,759,1.19
2016-06,21,11,759,1.45
2016-06,22,24,759,3.16
2016-06,23,26,759,3.43
2016-06,24,31,759,4.08
2016-07,0,596,596,100.0
2016-07,1,14,596,2.35
2016-07,2,9,596,1.51
2016-07,3,10,596,1.68
2016-07,4,5,596,0.84
2016-07,5,12,596,2.01
2016-07,6,6,596,1.01
2016-07,7,6,596,1.01
2016-07,8,12,596,2.01
2016-07,9,10,596,1.68
2016-07,10,19,596,3.19
2016-07,11,22,596,3.69
2016-07,12,14,596,2.35
2016-07,13,8,596,1.34
2016-07,14,10,596,1.68
2016-07,15,8,596,1.34
2016-07,16,4,596,0.67
2016-07,17,6,596,1.01
2016-07,18,6,596,1.01
2016-07,19,5,596,0.84
2016-07,20,13,596,2.18
2016-07,21,14,596,2.35
2016-07,22,21,596,3.52
2016-07,23,26,596,4.36
2016-07,24,13,596,2.18
2016-08,0,633,633,100.0
2016-08,1,13,633,2.05
2016-08,2,8,633,1.26
2016-08,3,13,633,2.05
2016-08,4,8,633,1.26
2016-08,5,9,633,1.42
2016-08,6,9,633,1.42
2016-08,7,13,633,2.05
2016-08,8,16,633,2.53
2016-08,9,25,633,3.95
2016-08,10,20,633,3.16
2016-08,11,16,633,2.53
2016-08,12,17,633,2.69
2016-08,13,12,633,1.9
2016-08,14,10,633,1.58
2016-08,15,8,633,1.26
2016-08,16,9,633,1.42
2016-08,17,5,633,0.79
2016-08,18,8,633,1.26
2016-08,19,14,633,2.21
2016-08,20,20,633,3.16
2016-08,21,24,633,3.79
2016-08,22,25,633,3.95
2016-08,23,20,633,3.16
2016-08,24,7,633,1.11
2016-09,0,368,368,100.0
2016-09,1,5,368,1.36
2016-09,3,8,368,2.17
2016-09,4,4,368,1.09
2016-09,5,1,368,0.27
2016-09,6,9,368,2.45
2016-09,7,9,368,2.45
2016-09,8,11,368,2.99
2016-09,9,12,368,3.26
2016-09,10,10,368,2.72
2016-09,11,14,368,3.8
2016-09,12,7,368,1.9
2016-09,13,6,368,1.63
2016-09,14,5,368,1.36
2016-09,15,6,368,1.63
2016-09,16,3,368,0.82
2016-09,17,4,368,1.09
2016-09,18,7,368,1.9
2016-09,19,14,368,3.8
2016-09,20,14,368,3.8
2016-09,21,13,368,3.53
2016-09,22,14,368,3.8
2016-09,23,7,368,1.9
2016-09,24,1,368,0.27
2016-10,0,280,280,100.0
2016-10,1,5,280,1.79
2016-10,2,8,280,2.86
2016-10,3,5,280,1.79
2016-10,4,4,280,1.43
2016-10,5,7,280,2.5
2016-10,6,8,280,2.86
2016-10,7,5,280,1.79
2016-10,8,11,280,3.93
2016-10,9,6,280,2.14
2016-10,10,13,280,4.64
2016-10,11,9,280,3.21
2016-10,12,10,280,3.57
2016-10,13,2,280,0.71
2016-10,14,2,280,0.71
2016-10,15,1,280,0.36
2016-10,16,2,280,0.71
2016-10,17,6,280,2.14
2016-10,18,12,280,4.29
2016-10,19,11,280,3.93
2016-10,20,7,280,2.5
2016-10,22,8,280,2.86
2016-10,23,4,280,1.43
2016-10,24,6,280,2.14
2016-11,0,257,257,100.0
2016-11,1,4,257,1.56
2016-11,2,3,257,1.17
2016-11,3,2,257,0.78
2016-11,4,6,257,2.33
2016-11,5,4,257,1.56
2016-11,6,4,257,1.56
2016-11,7,7,257,2.72
2016-11,8,4,257,1.56
2016-11,9,6,257,2.33
2016-11,10,5,257,1.95
2016-11,11,7,257,2.72
2016-11,12,1,257,0.39
2016-11,13,5,257,1.95
2016-11,14,2,257,0.78
2016-11,15,3,257,1.17
2016-11,16,7,257,2.72
2016-11,17,5,257,1.95
2016-11,18,5,257,1.95
2016-11,19,9,257,3.5
2016-11,20,7,257,2.72
2016-11,21,8,257,3.11
2016-11,22,2,257,0.78
2016-11,23,4,257,1.56
2016-11,24,3,257,1.17
2016-12,0,412,412,100.0
2016-12,1,6,412,1.46
2016-12,2,5,412,1.21
2016-12,3,6,412,1.46
2016-12,4,7,412,1.7
2016-12,5,13,412,3.16
2016-12,6,11,412,2.67
2016-12,7,10,412,2.43
2016-12,8,10,412,2.43
2016-12,9,9,412,2.18
2016-12,10,7,412,1.7
2016-12,11,5,412,1.21
2016-12,12,10,412,2.43
2016-12,13,6,412,1.46
2016-12,14,3,412,0.73
2016-12,15,9,412,2.18
2016-12,16,15,412,3.64
2016-12,17,15,412,3.64
2016-12,18,15,412,3.64
2016-12,19,11,412,2.67
2016-12,20,5,412,1.21
2016-12,21,6,412,1.46
2016-12,22,4,412,0.97
2016-12,23,3,412,0.73
2016-12,24,6,412,1.46
2017-01,0,207,207,100.0
2017-01,1,4,207,1.93
2017-01,2,4,207,1.93
2017-01,3,4,207,1.93
2017-01,4,4,207,1.93
2017-01,5,5,207,2.42
2017-01,6,5,207,2.42
2017-01,7,6,207,2.9
2017-01,8,3,207,1.45
2017-01,9,3,207,1.45
2017-01,10,2,207,0.97
2017-01,11,2,207,0.97
2017-01,12,2,207,0.97
2017-01,13,4,207,1.93
2017-01,14,5,207,2.42
2017-01,15,4,207,1.93
2017-01,16,1,207,0.48
2017-01,17,7,207,3.38
2017-01,18,3,207,1.45
2017-01,19,8,207,3.86
2017-01,20,3,207,1.45
2017-01,21,3,207,1.45
2017-01,22,2,207,0.97
2017-01,24,2,207,0.97
2017-02,0,216,216,100.0
2017-02,1,4,216,1.85
2017-02,2,5,216,2.31
2017-02,3,6,216,2.78
2017-02,4,10,216,4.63
2017-02,5,5,216,2.31
2017-02,6,3,216,1.39
2017-02,7,5,216,2.31
2017-02,8,3,216,1.39
2017-02,9,3,216,1.39
2017-02,10,6,216,2.78
2017-02,12,2,216,0.93
2017-02,13,2,216,0.93
2017-02,14,6,216,2.78
2017-02,15,6,216,2.78
2017-02,16,5,216,2.31
2017-02,17,5,216,2.31
2017-02,18,10,216,4.63
2017-02,19,5,216,2.31
2017-02,20,6,216,2.78
2017-02,21,4,216,1.85
2017-02,22,2,216,0.93
2017-02,23,3,216,1.39
2017-02,24,1,216,0.46
2017-03,0,473,473,100.0
2017-03,1,15,473,3.17
2017-03,2,9,473,1.9
2017-03,3,20,473,4.23
2017-03,4,13,473,2.75
2017-03,5,6,473,1.27
2017-03,6,11,473,2.33
2017-03,7,5,473,1.06
2017-03,8,7,473,1.48
2017-03,9,7,473,1.48
2017-03,10,2,473,0.42
2017-03,11,3,473,0.63
2017-03,12,14,473,2.96
2017-03,13,12,473,2.54
2017-03,14,9,473,1.9
2017-03,15,13,473,2.75
2017-03,16,10,473,2.11
2017-03,17,12,473,2.54
2017-03,18,10,473,2.11
2017-03,19,3,473,0.63
2017-03,20,3,473,0.63
2017-03,21,2,473,0.42
2017-03,22,2,473,0.42
2017-03,23,6,473,1.27
2017-03,24,5,473,1.06
2017-04,0,610,610,100.0
2017-04,1,19,610,3.11
2017-04,2,21,610,3.44
2017-04,3,12,610,1.97
2017-04,4,14,610,2.3
2017-04,5,8,610,1.31
2017-04,6,8,610,1.31
2017-04,7,5,610,0.82
2017-04,8,13,610,2.13
2017-04,9,5,610,0.82
2017-04,10,6,610,0.98
2017-04,11,20,610,3.28
2017-04,12,18,610,2.95
2017-04,13,13,610,2.13
2017-04,14,21,610,3.44
2017-04,15,9,610,1.48
2017-04,16,15,610,2.46
2017-04,17,6,610,0.98
2017-04,19,2,610,0.33
2017-04,20,6,610,0.98
2017-04,21,4,610,0.66
2017-04,22,5,610,0.82
2017-04,23,3,610,0.49
2017-04,24,8,610,1.31
2017-05,0,642,642,100.0
2017-05,1,24,642,3.74
2017-05,2,14,642,2.18
2017-05,3,17,642,2.65
2017-05,4,15,642,2.34
2017-05,5,11,642,1.71
2017-05,6,7,642,1.09
2017-05,7,15,642,2.34
2017-05,8,5,642,0.78
2017-05,9,7,642,1.09
2017-05,10,9,642,1.4
2017-05,11,20,642,3.12
2017-05,12,20,642,3.12
2017-05,13,28,642,4.36
2017-05,14,15,642,2.34
2017-05,15,15,642,2.34
2017-05,16,6,642,0.93
2017-05,17,7,642,1.09
2017-05,18,4,642,0.62
2017-05,19,7,642,1.09
2017-05,20,6,642,0.93
2017-05,21,2,642,0.31
2017-05,22,6,642,0.93
2017-05,23,8,642,1.25
2017-05,24,9,642,1.4
2017-06,0,694,694,100.0
2017-06,1,12,694,1.73
2017-06,2,18,694,2.59
2017-06,3,10,694,1.44
2017-06,4,7,694,1.01
2017-06,5,3,694,0.43
2017-06,6,4,694,0.58
2017-06,7,2,694,0.29
2017-06,8,7,694,1.01
2017-06,9,12,694,1.73
2017-06,10,11,694,1.59
2017-06,11,26,694,3.75
2017-06,12,15,694,2.16
2017-06,13,10,694,1.44
2017-06,14,10,694,1.44
2017-06,15,7,694,1.01
2017-06,16,8,694,1.15
2017-06,17,4,694,0.58
2017-06,18,6,694,0.86
2017-06,19,6,694,0.86
2017-06,20,4,694,0.58
2017-06,21,7,694,1.01
2017-06,22,11,694,1.59
2017-06,23,7,694,1.01
2017-06,24,5,694,0.72
2017-07,0,494,494,100.0
2017-07,1,7,494,1.42
2017-07,2,7,494,1.42
2017-07,3,2,494,0.4
2017-07,4,3,494,0.61
2017-07,5,6,494,1.21
2017-07,6,2,494,0.4
2017-07,7,3,494,0.61
2017-07,8,10,494,2.02
2017-07,9,12,494,2.43
2017-07,10,11,494,2.23
2017-07,11,18,494,3.64
2017-07,12,7,494,1.42
2017-07,13,8,494,1.62
2017-07,14,11,494,2.23
2017-07,15,3,494,0.61
2017-07,16,2,494,0.4
2017-07,17,6,494,1.21
2017-07,18,1,494,0.2
2017-07,19,3,494,0.61
2017-07,20,5,494,1.01
2017-07,21,6,494,1.21
2017-07,22,12,494,2.43
2017-07,23,5,494,1.01
2017-07,24,8,494,1.62
2017-08,0,428,428,100.0
2017-08,1,9,428,2.1
2017-08,2,4,428,0.93
2017-08,3,4,428,0.93
2017-08,4,3,428,0.7
2017-08,5,2,428,0.47
2017-08,6,3,428,0.7
2017-08,7,5,428,1.17
2017-08,8,11,428,2.57
2017-08,9,3,428,0.7
2017-08,10,8,428,1.87
2017-08,11,6,428,1.4
2017-08,12,7,428,1.64
2017-08,13,1,428,0.23
2017-08,14,1,428,0.23
2017-08,15,4,428,0.93
2017-08,16,4,428,0.93
2017-08,17,1,428,0.23
2017-08,18,2,428,0.47
2017-08,19,5,428,1.17
2017-08,20,3,428,0.7
2017-08,21,3,428,0.7
2017-08,22,7,428,1.64
2017-08,23,5,428,1.17
2017-08,24,7,428,1.64
2017-09,0,294,294,100.0
2017-09,1,4,294,1.36
2017-09,2,2,294,0.68
2017-09,3,3,294,1.02
2017-09,4,4,294,1.36
2017-09,5,2,294,0.68
2017-09,6,6,294,2.04
2017-09,7,5,294,1.7
2017-09,8,6,294,2.04
2017-09,9,8,294,2.72
2017-09,10,2,294,0.68
2017-09,11,4,294,1.36
2017-09,12,2,294,0.68
2017-09,13,3,294,1.02
2017-09,14,1,294,0.34
2017-09,15,1,294,0.34
2017-09,16,3,294,1.02
2017-09,18,11,294,3.74
2017-09,19,2,294,0.68
2017-09,20,10,294,3.4
2017-09,21,1,294,0.34
2017-09,22,2,294,0.68
2017-09,23,4,294,1.36
2017-09,24,2,294,0.68
2017-10,0,247,247,100.0
2017-10,1,5,247,2.02
2017-10,2,4,247,1.62
2017-10,3,1,247,0.4
2017-10,4,1,247,0.4
2017-10,6,5,247,2.02
2017-10,7,4,247,1.62
2017-10,8,6,247,2.43
2017-10,9,3,247,1.21
2017-10,10,2,247,0.81
2017-10,11,6,247,2.43
2017-10,12,2,247,0.81
2017-10,13,1,247,0.4
2017-10,14,1,247,0.4
2017-10,15,3,247,1.21
2017-10,16,2,247,0.81
2017-10,17,4,247,1.62
2017-10,18,6,247,2.43
2017-10,19,3,247,1.21
2017-10,20,2,247,0.81
2017-10,21,5,247,2.02
2017-10,22,3,247,1.21
2017-10,23,1,247,0.4
2017-10,24,2,247,0.81
2017-11,0,217,217,100.0
2017-11,1,7,217,3.23
2017-11,4,5,217,2.3
2017-11,5,11,217,5.07
2017-11,6,5,217,2.3
2017-11,7,4,217,1.84
2017-11,8,6,217,2.76
2017-11,9,7,217,3.23
2017-11,10,3,217,1.38
2017-11,11,1,217,0.46
2017-11,12,1,217,0.46
2017-11,13,2,217,0.92
2017-11,14,3,217,1.38
2017-11,15,2,217,0.92
2017-11,16,1,217,0.46
2017-11,17,4,217,1.84
2017-11,18,1,217,0.46
2017-11,19,1,217,0.46
2017-11,20,2,217,0.92
2017-11,21,7,217,3.23
2017-11,22,4,217,1.84
2017-11,23,2,217,0.92
2017-11,24,2,217,0.92
2017-12,0,266,266,100.0
2017-12,1,1,266,0.38
2017-12,2,5,266,1.88
2017-12,3,5,266,1.88
2017-12,4,7,266,2.63
2017-12,5,8,266,3.01
2017-12,6,9,266,3.38
2017-12,7,5,266,1.88
2017-12,8,8,266,3.01
2017-12,9,1,266,0.38
2017-12,10,1,266,0.38
2017-12,11,2,266,0.75
2017-12,12,1,266,0.38
2017-12,13,1,266,0.38
2017-12,14,1,266,0.38
2017-12,15,4,266,1.5
2017-12,16,2,266,0.75
2017-12,17,1,266,0.38
2017-12,18,6,266,2.26
2017-12,19,5,266,1.88
2017-12,20,5,266,1.88
2017-12,21,1,266,0.38
2017-12,22,2,266,0.75
2017-12,23,4,266,1.5
2017-12,24,1,266,0.38
2018-01,0,157,157,100.0
2018-01,1,2,157,1.27
2018-01,2,7,157,4.46
2018-01,3,6,157,3.82
2018-01,4,4,157,2.55
2018-01,5,3,157,1.91
2018-01,6,5,157,3.18
2018-01,7,1,157,0.64
2018-01,8,6,157,3.82
2018-01,9,1,157,0.64
2018-01,11,2,157,1.27
2018-01,13,1,157,0.64
2018-01,14,2,157,1.27
2018-01,15,1,157,0.64
2018-01,16,1,157,0.64
2018-01,17,2,157,1.27
2018-01,18,6,157,3.82
2018-01,20,3,157,1.91
2018-01,21,1,157,0.64
2018-01,22,2,157,1.27
2018-01,23,1,157,0.64
2018-01,24,4,157,2.55
2018-02,0,199,199,100.0
2018-02,2,2,199,1.01
2018-02,3,8,199,4.02
2018-02,4,5,199,2.51
2018-02,5,5,199,2.51
2018-02,6,2,199,1.01
2018-02,7,1,199,0.5
2018-02,9,2,199,1.01
2018-02,10,7,199,3.52
2018-02,11,3,199,1.51
2018-02,12,1,199,0.5
2018-02,13,3,199,1.51
2018-02,14,4,199,2.01
2018-02,15,3,199,1.51
2018-02,16,2,199,1.01
2018-02,17,3,199,1.51
2018-02,18,4,199,2.01
2018-02,20,1,199,0.5
2018-02,21,1,199,0.5
2018-02,22,1,199,0.5
2018-03,0,370,370,100.0
2018-03,1,9,370,2.43
2018-03,2,13,370,3.51
2018-03,3,8,370,2.16
2018-03,4,10,370,2.7
2018-03,5,6,370,1.62
2018-03,6,2,370,0.54
2018-03,7,4,370,1.08
2018-03,8,2,370,0.54
2018-03,10,2,370,0.54
2018-03,11,3,370,0.81
2018-03,13,6,370,1.62
2018-03,14,1,370,0.27
2018-03,15,4,370,1.08
2018-03,16,4,370,1.08
2018-03,17,2,370,0.54
2018-03,19,2,370,0.54
2018-03,20,3,370,0.81
2018-03,21,1,370,0.27
2018-03,23,1,370,0.27
2018-03,24,8,370,2.16
2018-04,0,473,473,100.0
2018-04,1,10,473,2.11
2018-04,2,12,473,2.54
2018-04,3,10,473,2.11
2018-04,4,5,473,1.06
2018-04,5,5,473,1.06
2018-04,6,7,473,1.48
2018-04,7,7,473,1.48
2018-04,8,5,473,1.06
2018-04,9,2,473,0.42
2018-04,10,2,473,0.42
2018-04,11,4,473,0.85
2018-04,12,2,473,0.42
2018-04,13,2,473,0.42
2018-04,14,8,473,1.69
2018-04,15,2,473,0.42
2018-04,16,6,473,1.27
2018-04,17,1,473,0.21
2018-04,18,2,473,0.42
2018-04,19,2,473,0.42
2018-04,20,3,473,0.63
2018-04,21,1,473,0.21
2018-04,22,5,473,1.06
2018-04,23,5,473,1.06
2018-04,24,11,473,2.33
2018-05,0,590,590,100.0
2018-05,1,9,590,1.53
2018-05,2,14,590,2.37
2018-05,3,7,590,1.19
2018-05,4,5,590,0.85
2018-05,5,7,590,1.19
2018-05,6,3,590,0.51
2018-05,7,4,590,0.68
2018-05,8,5,590,0.85
2018-05,9,5,590,0.85
2018-05,10,14,590,2.37
2018-05,11,4,590,0.68
2018-05,12,6,590,1.02
2018-05,13,5,590,0.85
2018-05,14,4,590,0.68
2018-05,15,5,590,0.85
2018-05,16,4,590,0.68
2018-05,17,3,590,0.51
2018-05,18,4,590,0.68
2018-05,19,5,590,0.85
2018-05,20,4,590,0.68
2018-05,21,1,590,0.17
2018-05,22,4,590,0.68
2018-05,23,8,590,1.36
2018-05,24,6,590,1.02
2018-06,0,612,612,100.0
2018-06,1,14,612,2.29
2018-06,2,10,612,1.63
2018-06,3,9,612,1.47
2018-06,4,3,612,0.49
2018-06,5,3,612,0.49
2018-06,6,5,612,0.82
2018-06,7,3,612,0.49
2018-06,8,5,612,0.82
2018-06,9,6,612,0.98
2018-06,10,4,612,0.65
2018-06,11,9,612,1.47
2018-06,12,12,612,1.96
2018-06,13,4,612,0.65
2018-06,14,4,612,0.65
2018-06,15,5,612,0.82
2018-06,16,4,612,0.65
2018-06,17,3,612,0.49
2018-06,18,5,612,0.82
2018-06,19,4,612,0.65
2018-06,20,2,612,0.33
2018-06,21,3,612,0.49
2018-06,22,14,612,2.29
2018-06,23,8,612,1.31
2018-06,24,4,612,0.65
2018-07,0,401,401,100.0
2018-07,1,6,401,1.5
2018-07,2,7,401,1.75
2018-07,5,4,401,1.0
2018-07,6,3,401,0.75
2018-07,7,5,401,1.25
2018-07,8,6,401,1.5
2018-07,9,7,401,1.75
2018-07,10,5,401,1.25
2018-07,11,6,401,1.5
2018-07,12,2,401,0.5
2018-07,13,7,401,1.75
2018-07,14,5,401,1.25
2018-07,15,4,401,1.0
2018-07,16,5,401,1.25
2018-07,17,1,401,0.25
2018-07,18,2,401,0.5
2018-07,20,4,401,1.0
2018-07,21,4,401,1.0
2018-07,22,6,401,1.5
2018-07,23,7,401,1.75
2018-07,24,3,401,0.75
2018-08,0,312,312,100.0
2018-08,1,1,312,0.32
2018-08,2,4,312,1.28
2018-08,3,1,312,0.32
2018-08,4,4,312,1.28
2018-08,5,3,312,0.96
2018-08,6,2,312,0.64
2018-08,7,5,312,1.6
2018-08,8,4,312,1.28
2018-08,9,5,312,1.6
2018-08,10,6,312,1.92
2018-08,11,3,312,0.96
2018-08,12,3,312,0.96
2018-08,13,1,312,0.32
2018-08,14,3,312,0.96
2018-08,18,2,312,0.64
2018-08,19,3,312,0.96
2018-08,20,3,312,0.96
2018-08,21,1,312,0.32
2018-08,22,1,312,0.32
2018-08,23,7,312,2.24
2018-08,24,4,312,1.28
2018-09,0,181,181,100.0
2018-09,1,1,181,0.55
2018-09,2,1,181,0.55
2018-09,3,1,181,0.55
2018-09,4,1,181,0.55
2018-09,5,2,181,1.1
2018-09,6,1,181,0.55
2018-09,7,1,181,0.55
2018-09,8,4,181,2.21
2018-09,9,3,181,1.66
2018-09,11,4,181,2.21
2018-09,12,4,181,2.21
2018-09,13,1,181,0.55
2018-09,15,3,181,1.66
2018-09,16,1,181,0.55
2018-09,17,3,181,1.66
2018-09,18,2,181,1.1
2018-09,19,4,181,2.21
2018-09,21,2,181,1.1
2018-09,22,4,181,2.21
2018-09,23,5,181,2.76
2018-09,24,1,181,0.55
2018-10,0,154,154,100.0
2018-10,1,2,154,1.3
2018-10,2,3,154,1.95
2018-10,3,1,154,0.65
2018-10,5,1,154,0.65
2018-10,7,2,154,1.3
2018-10,8,1,154,0.65
2018-10,9,2,154,1.3
2018-10,10,1,154,0.65
2018-10,12,1,154,0.65
2018-10,14,2,154,1.3
2018-10,16,1,154,0.65
2018-10,19,1,154,0.65
2018-10,22,1,154,0.65
2018-11,0,110,110,100.0
2018-11,1,1,110,0.91
2018-11,2,1,110,0.91
2018-11,4,1,110,0.91
2018-11,5,1,110,0.91
2018-11,6,1,110,0.91
2018-11,7,2,110,1.82
2018-11,9,1,110,0.91
2018-11,10,2,110,1.82
2018-11,13,2,110,1.82
2018-11,15,1,110,0.91
2018-11,17,4,110,3.64
2018-11,18,1,110,0.91
2018-11,20,1,110,0.91
2018-11,22,1,110,0.91
2018-12,0,165,165,100.0
2018-12,2,2,165,1.21
2018-12,3,1,165,0.61
2018-12,4,2,165,1.21
2018-12,6,2,165,1.21
2018-12,7,2,165,1.21
2018-12,9,1,165,0.61
2018-12,10,2,165,1.21
2018-12,11,2,165,1.21
2018-12,12,1,165,0.61
2018-12,13,1,165,0.61
2018-12,17,4,165,2.42
2018-12,19,1,165,0.61
2018-12,20,2,165,1.21
2018-12,21,2,165,1.21
2019-01,0,107,107,100.0
2019-01,1,1,107,0.93
2019-01,2,2,107,1.87
2019-01,3,2,107,1.87
2019-01,6,1,107,0.93
2019-01,7,1,107,0.93
2019-01,10,1,107,0.93
2019-01,11,1,107,0.93
2019-01,16,1,107,0.93
2019-01,17,1,107,0.93
2019-01,19,2,107,1.87
2019-01,20,1,107,0.93
2019-01,21,1,107,0.93
2019-01,22,1,107,0.93
2019-01,24,2,107,1.87
2019-02,0,126,126,100.0
2019-02,1,1,126,0.79
2019-02,2,2,126,1.59
2019-02,3,1,126,0.79
2019-02,4,3,126,2.38
2019-02,5,4,126,3.17
2019-02,6,1,126,0.79
2019-02,9,2,126,1.59
2019-02,11,1,126,0.79
2019-02,12,1,126,0.79
2019-02,13,3,126,2.38
2019-02,14,1,126,0.79
2019-02,15,3,126,2.38
2019-02,17,2,126,1.59
2019-02,18,2,126,1.59
2019-02,20,1,126,0.79
2019-03,0,198,198,100.0
2019-03,1,4,198,2.02
2019-03,2,2,198,1.01
2019-03,4,1,198,0.51
2019-03,6,2,198,1.01
2019-03,7,1,198,0.51
2019-03,8,1,198,0.51
2019-03,12,2,198,1.01
2019-03,13,1,198,0.51
2019-03,14,1,198,0.51
2019-03,16,2,198,1.01
2019-03,18,2,198,1.01
2019-03,19,1,198,0.51
2019-03,21,1,198,0.51
2019-03,23,1,198,0.51
2019-03,24,3,198,1.52
2019-04,0,231,231,100.0
2019-04,1,3,231,1.3
2019-04,3,5,231,2.16
2019-04,4,2,231,0.87
2019-04,7,1,231,0.43
2019-04,8,1,231,0.43
2019-04,10,1,231,0.43
2019-04,11,3,231,1.3
2019-04,12,2,231,0.87
2019-04,13,1,231,0.43
2019-04,15,6,231,2.6
2019-04,16,3,231,1.3
2019-04,17,1,231,0.43
2019-04,18,1,231,0.43
2019-04,19,1,231,0.43
2019-04,20,3,231,1.3
2019-04,21,2,231,0.87
2019-04,22,2,231,0.87
2019-04,23,4,231,1.73
2019-04,24,3,231,1.3
2019-05,0,202,202,100.0
2019-05,1,3,202,1.49
2019-05,2,7,202,3.47
2019-05,3,1,202,0.5
2019-05,4,1,202,0.5
2019-05,6,1,202,0.5
2019-05,9,1,202,0.5
2019-05,11,1,202,0.5
2019-05,12,3,202,1.49
2019-05,13,4,202,1.98
2019-05,14,3,202,1.49
2019-05,15,1,202,0.5
2019-05,17,2,202,0.99
2019-05,18,1,202,0.5
2019-05,22,1,202,0.5
2019-05,23,2,202,0.99
2019-05,24,2,202,0.99
2019-06,0,211,211,100.0
2019-06,1,3,211,1.42
2019-06,2,2,211,0.95
2019-06,3,3,211,1.42
2019-06,9,2,211,0.95
2019-06,10,3,211,1.42
2019-06,11,5,211,2.37
2019-06,12,2,211,0.95
2019-06,13,1,211,0.47
2019-06,14,1,211,0.47
2019-06,15,1,211,0.47
2019-06,17,1,211,0.47
2019-06,18,1,211,0.47
2019-06,21,5,211,2.37
2019-06,22,2,211,0.95
2019-06,23,1,211,0.47
2019-06,24,3,211,1.42
2019-07,0,188,188,100.0
2019-07,1,2,188,1.06
2019-07,3,2,188,1.06
2019-07,4,1,188,0.53
2019-07,6,1,188,0.53
2019-07,7,1,188,0.53
2019-07,8,3,188,1.6
2019-07,9,4,188,2.13
2019-07,11,1,188,0.53
2019-07,14,1,188,0.53
2019-07,16,1,188,0.53
2019-07,18,1,188,0.53
2019-07,19,1,188,0.53
2019-07,21,3,188,1.6
2019-07,22,3,188,1.6
2019-07,23,2,188,1.06
2019-07,24,1,188,0.53
2019-08,0,216,216,100.0
2019-08,1,1,216,0.46
2019-08,3,1,216,0.46
2019-08,4,1,216,0.46
2019-08,5,1,216,0.46
2019-08,6,1,216,0.46
2019-08,7,3,216,1.39
2019-08,8,3,216,1.39
2019-08,9,5,216,2.31
2019-08,10,1,216,0.46
2019-08,11,2,216,0.93
2019-08,12,2,216,0.93
2019-08,13,1,216,0.46
2019-08,14,2,216,0.93
2019-08,15,1,216,0.46
2019-08,16,1,216,0.46
2019-08,19,2,216,0.93
2019-08,20,1,216,0.46
2019-08,21,3,216,1.39
2019-08,22,2,216,0.93
2019-08,23,1,216,0.46
2019-08,24,1,216,0.46
2019-09,0,124,124,100.0
2019-09,1,1,124,0.81
2019-09,5,1,124,0.81
2019-09,6,1,124,0.81
2019-09,7,1,124,0.81
2019-09,10,1,124,0.81
2019-09,12,2,124,1.61
2019-09,13,1,124,0.81
2019-09,15,1,124,0.81
2019-09,17,1,124,0.81
2019-09,18,1,124,0.81
2019-09,19,3,124,2.42
2019-10,0,102,102,100.0
2019-10,1,1,102,0.98
2019-10,4,3,102,2.94
2019-10,5,1,102,0.98
2019-10,7,2,102,1.96
2019-10,8,1,102,0.98
2019-10,10,1,102,0.98
2019-10,11,1,102,0.98
2019-10,12,1,102,0.98
2019-10,13,1,102,0.98
2019-10,14,1,102,0.98
2019-10,15,2,102,1.96
2019-10,16,1,102,0.98
2019-10,17,3,102,2.94
2019-10,18,2,102,1.96
2019-10,21,1,102,0.98
2019-10,22,1,102,0.98
2019-10,23,1,102,0.98
2019-10,24,1,102,0.98
2019-11,0,82,82,100.0
2019-11,1,1,82,1.22
2019-11,2,1,82,1.22
2019-11,5,2,82,2.44
2019-11,7,3,82,3.66
2019-11,8,1,82,1.22
2019-11,9,1,82,1.22
2019-11,13,1,82,1.22
2019-11,17,1,82,1.22
2019-11,18,1,82,1.22
2019-11,19,1,82,1.22
2019-11,21,1,82,1.22
2019-11,23,1,82,1.22
2019-12,0,121,121,100.0
2019-12,1,2,121,1.65
2019-12,3,2,121,1.65
2019-12,4,1,121,0.83
2019-12,5,2,121,1.65
2019-12,12,2,121,1.65
2019-12,13,1,121,0.83
2019-12,14,1,121,0.83
2019-12,15,1,121,0.83
2019-12,16,2,121,1.65
2019-12,17,2,121,1.65
2019-12,18,1,121,0.83
2019-12,20,1,121,0.83
2019-12,21,2,121,1.65
2019-12,23,1,121,0.83
2019-12,24,4,121,3.31
2020-01,0,57,57,100.0
2020-01,6,1,57,1.75
2020-01,7,1,57,1.75
2020-01,14,2,57,3.51
2020-01,17,1,57,1.75
2020-01,20,1,57,1.75
2020-01,21,1,57,1.75
2020-01,23,1,57,1.75
2020-02,0,69,69,100.0
2020-02,1,4,69,5.8
2020-02,3,1,69,1.45
2020-02,9,1,69,1.45
2020-02,10,1,69,1.45
2020-02,14,1,69,1.45
2020-02,17,1,69,1.45
2020-02,19,1,69,1.45
2020-02,21,1,69,1.45
2020-02,24,1,69,1.45
2020-03,0,191,191,100.0
2020-03,1,2,191,1.05
2020-03,2,2,191,1.05
2020-03,3,1,191,0.52
2020-03,5,1,191,0.52
2020-03,6,1,191,0.52
2020-03,8,3,191,1.57
2020-03,9,1,191,0.52
2020-03,11,2,191,1.05
2020-03,12,1,191,0.52
2020-03,13,1,191,0.52
2020-03,14,2,191,1.05
2020-03,15,2,191,1.05
2020-03,16,3,191,1.57
2020-03,19,2,191,1.05
2020-03,20,1,191,0.52
2020-03,21,2,191,1.05
2020-03,23,1,191,0.52
2020-04,0,205,205,100.0
2020-04,1,1,205,0.49
2020-04,2,2,205,0.98
2020-04,3,1,205,0.49
2020-04,4,2,205,0.98
2020-04,5,3,205,1.46
2020-04,6,1,205,0.49
2020-04,7,1,205,0.49
2020-04,9,1,205,0.49
2020-04,10,1,205,0.49
2020-04,11,3,205,1.46
2020-04,12,1,205,0.49
2020-04,14,1,205,0.49
2020-04,15,1,205,0.49
2020-04,17,1,205,0.49
2020-04,18,1,205,0.49
2020-04,19,1,205,0.49
2020-04,20,1,205,0.49
2020-04,21,1,205,0.49
2020-04,22,2,205,0.98
2020-04,24,3,205,1.46
2020-05,0,204,204,100.0
2020-05,1,3,204,1.47
2020-05,2,2,204,0.98
2020-05,3,2,204,0.98
2020-05,4,1,204,0.49
2020-05,5,1,204,0.49
2020-05,7,1,204,0.49
2020-05,9,1,204,0.49
2020-05,10,1,204,0.49
2020-05,13,2,204,0.98
2020-05,14,2,204,0.98
2020-05,15,1,204,0.49
2020-05,16,1,204,0.49
2020-05,18,1,204,0.49
2020-05,19,2,204,0.98
2020-05,21,2,204,0.98
2020-05,23,6,204,2.94
2020-05,24,1,204,0.49
2020-06,0,154,154,100.0
2020-06,1,3,154,1.95
2020-06,2,3,154,1.95
2020-06,4,1,154,0.65
2020-06,5,1,154,0.65
2020-06,6,2,154,1.3
2020-06,7,1,154,0.65
2020-06,8,1,154,0.65
2020-06,10,2,154,1.3
2020-06,11,1,154,0.65
2020-06,12,1,154,0.65
2020-06,13,1,154,0.65
2020-06,14,2,154,1.3
2020-06,15,2,154,1.3
2020-06,17,1,154,0.65
2020-06,18,1,154,0.65
2020-06,19,1,154,0.65
2020-06,21,2,154,1.3
2020-06,22,2,154,1.3
2020-06,24,1,154,0.65
2020-07,0,151,151,100.0
2020-07,2,2,151,1.32
2020-07,3,1,151,0.66
2020-07,5,2,151,1.32
2020-07,7,1,151,0.66
2020-07,8,2,151,1.32
2020-07,9,1,151,0.66
2020-07,10,2,151,1.32
2020-07,11,2,151,1.32
2020-07,12,1,151,0.66
2020-07,13,1,151,0.66
2020-07,17,2,151,1.32
2020-07,20,4,151,2.65
2020-07,21,1,151,0.66
2020-07,22,2,151,1.32
2020-07,23,1,151,0.66
2020-08,0,148,148,100.0
2020-08,1,1,148,0.68
2020-08,2,1,148,0.68
2020-08,6,2,148,1.35
2020-08,8,1,148,0.68
2020-08,9,1,148,0.68
2020-08,10,2,148,1.35
2020-08,11,1,148,0.68
2020-08,13,1,148,0.68
2020-08,14,1,148,0.68
2020-08,19,3,148,2.03
2020-08,20,1,148,0.68
2020-08,21,1,148,0.68
2020-08,22,1,148,0.68
2020-08,23,3,148,2.03
2020-09,0,109,109,100.0
2020-09,1,1,109,0.92
2020-09,5,1,109,0.92
2020-09,7,1,109,0.92
2020-09,9,1,109,0.92
2020-09,10,2,109,1.83
2020-09,11,2,109,1.83
2020-09,12,1,109,0.92
2020-09,13,1,109,0.92
2020-09,16,2,109,1.83
2020-09,18,1,109,0.92
2020-09,19,1,109,0.92
2020-09,21,1,109,0.92
2020-10,0,80,80,100.0
2020-10,1,1,80,1.25
2020-10,3,1,80,1.25
2020-10,8,1,80,1.25
2020-10,14,3,80,3.75
2020-10,23,1,80,1.25
2020-11,0,58,58,100.0
2020-11,3,1,58,1.72
2020-11,7,1,58,1.72
2020-11,9,1,58,1.72
2020-11,13,1,58,1.72
2020-11,15,1,58,1.72
2020-11,16,3,58,5.17
2020-11,18,1,58,1.72
2020-11,19,1,58,1.72
2020-11,21,1,58,1.72
2020-11,24,1,58,1.72
2020-12,0,100,100,100.0
2020-12,6,2,100,2.0
2020-12,9,1,100,1.0
2020-12,10,2,100,2.0
2020-12,15,1,100,1.0
2020-12,16,2,100,2.0
2020-12,17,2,100,2.0
2020-12,18,1,100,1.0
2020-12,19,2,100,2.0
2020-12,20,4,100,4.0
2020-12,22,1,100,1.0
2020-12,24,1,100,1.0
2021-01,0,40,40,100.0
2021-01,3,1,40,2.5
2021-01,11,1,40,2.5
2021-01,14,1,40,2.5
2021-01,18,1,40,2.5
2021-01,21,1,40,2.5
2021-01,22,1,40,2.5
2021-02,0,70,70,100.0
2021-02,2,1,70,1.43
2021-02,3,1,70,1.43
2021-02,5,1,70,1.43
2021-02,6,1,70,1.43
2021-02,13,1,70,1.43
2021-02,14,2,70,2.86
2021-02,16,1,70,1.43
2021-02,18,1,70,1.43
2021-03,0,166,166,100.0
2021-03,1,4,166,2.41
2021-03,2,1,166,0.6
2021-03,3,1,166,0.6
2021-03,5,2,166,1.2
2021-03,7,1,166,0.6
2021-03,8,1,166,0.6
2021-03,12,3,166,1.81
2021-03,13,1,166,0.6
2021-03,16,2,166,1.2
2021-03,18,1,166,0.6
2021-03,20,1,166,0.6
2021-03,21,1,166,0.6
2021-04,0,177,177,100.0
2021-04,1,2,177,1.13
2021-04,2,2,177,1.13
2021-04,3,2,177,1.13
2021-04,5,1,177,0.56
2021-04,7,3,177,1.69
2021-04,8,1,177,0.56
2021-04,10,3,177,1.69
2021-04,11,2,177,1.13
2021-04,12,1,177,0.56
2021-04,13,3,177,1.69
2021-04,14,1,177,0.56
2021-04,15,1,177,0.56
2021-04,17,1,177,0.56
2021-04,19,2,177,1.13
2021-04,20,1,177,0.56
2021-05,0,196,196,100.0
2021-05,1,3,196,1.53
2021-05,2,3,196,1.53
2021-05,3,1,196,0.51
2021-05,4,1,196,0.51
2021-05,5,1,196,0.51
2021-05,7,1,196,0.51
2021-05,8,2,196,1.02
2021-05,10,3,196,1.53
2021-05,12,1,196,0.51
2021-05,13,1,196,0.51
2021-05,14,4,196,2.04
2021-05,16,2,196,1.02
2021-05,18,2,196,1.02
2021-05,19,1,196,0.51
2021-06,0,168,168,100.0
2021-06,1,1,168,0.6
2021-06,3,1,168,0.6
2021-06,4,1,168,0.6
2021-06,5,1,168,0.6
2021-06,6,1,168,0.6
2021-06,9,2,168,1.19
2021-06,11,1,168,0.6
2021-06,12,2,168,1.19
2021-06,13,1,168,0.6
2021-06,14,1,168,0.6
2021-06,15,1,168,0.6
2021-06,17,1,168,0.6
2021-06,18,1,168,0.6
2021-07,0,125,125,100.0
2021-07,1,1,125,0.8
2021-07,2,1,125,0.8
2021-07,3,2,125,1.6
2021-07,4,1,125,0.8
2021-07,5,2,125,1.6
2021-07,8,2,125,1.6
2021-07,9,1,125,0.8
2021-07,10,2,125,1.6
2021-07,11,1,125,0.8
2021-07,13,1,125,0.8
2021-07,14,1,125,0.8
2021-07,17,1,125,0.8
2021-08,0,128,128,100.0
2021-08,3,1,128,0.78
2021-08,5,1,128,0.78
2021-08,7,1,128,0.78
2021-08,9,2,128,1.56
2021-08,10,2,128,1.56
2021-08,12,2,128,1.56
2021-08,13,2,128,1.56
2021-08,16,1,128,0.78
2021-09,0,94,94,100.0
2021-09,1,1,94,1.06
2021-09,5,1,94,1.06
2021-09,7,4,94,4.26
2021-09,10,1,94,1.06
2021-09,11,1,94,1.06
2021-09,12,1,94,1.06
2021-09,14,1,94,1.06
2021-10,0,61,61,100.0
2021-10,2,1,61,1.64
2021-10,8,1,61,1.64
2021-10,10,1,61,1.64
2021-10,12,1,61,1.64
2021-10,13,1,61,1.64
2021-11,0,47,47,100.0
2021-11,5,1,47,2.13
2021-11,6,2,47,4.26
2021-11,12,1,47,2.13
2021-12,0,101,101,100.0
2021-12,1,1,101,0.99
2021-12,3,1,101,0.99
2021-12,4,1,101,0.99
2021-12,8,1,101,0.99
2021-12,10,2,101,1.98
2022-01,0,48,48,100.0
2022-01,3,1,48,2.08
2022-01,4,1,48,2.08
2022-01,7,1,48,2.08
2022-01,9,1,48,2.08
2022-02,0,79,79,100.0
2022-02,1,1,79,1.27
2022-02,7,1,79,1.27
2022-03,0,170,170,100.0
2022-03,1,3,170,1.76
2022-03,2,2,170,1.18
2022-03,3,2,170,1.18
2022-03,4,1,170,0.59
2022-03,5,1,170,0.59
2022-03,6,1,170,0.59
2022-04,0,173,173,100.0
2022-04,1,3,173,1.73
2022-04,3,3,173,1.73
2022-04,4,1,173,0.58
2022-04,6,1,173,0.58
2022-04,7,2,173,1.16
2022-05,0,162,162,100.0
2022-05,1,4,162,2.47
2022-05,2,2,162,1.23
2022-05,3,2,162,1.23
2022-05,4,1,162,0.62
2022-05,7,1,162,0.62
2022-06,0,162,162,100.0
2022-06,1,1,162,0.62
2022-06,2,1,162,0.62
2022-06,3,1,162,0.62
2022-06,4,2,162,1.23
2022-06,5,2,162,1.23
2022-06,6,2,162,1.23
2022-07,0,118,118,100.0
2022-07,2,1,118,0.85
2022-07,5,1,118,0.85
2022-08,0,133,133,100.0
2022-08,3,1,133,0.75
2022-08,4,1,133,0.75
2022-09,0,96,96,100.0
2022-09,3,1,96,1.04
2022-10,0,54,54,100.0
2022-11,0,53,53,100.0
2022-12,0,80,80,100.0
